{
   "ArbitrationSignal": "notification_nsat_upper_ci-0.7",
   "CustomSuppressionPolicies": {
      "8682d0fa-50b3-4ece-aa5b-e0b33f9919e2.f5b8c725-cb2e-4c12-accd-73e500d88d47.AutoOpen": {
         "notification_max_quick_dismiss_count": 3
      },
      "bc25fcef-8964-4e72-8287-23e2b496c128.68b8a884-6e08-46e6-8a3b-7e06ffe48ecf.AutoOpen": {
         "notification_max_quick_dismiss_count": 3
      },
      "cd4688a9-e888-48ea-ad81-76193d56b1be.e06e75c1-a59a-4ab6-8361-e8b038e00a8c.AutoOpen": {
         "notification_max_quick_dismiss_count": 1
      }
   },
   "DynamicSuppressionBypass": {
      "ExperienceIDs": [ "Nurturing.Global.OnRamp_RetriggerFREOnEdgeVersionUpgradeViaExplicitLaunch", "Nurturing.Global.OnRamp_RetriggerFREOnExplicitProtocolPDFLaunchForEdgePostDMA", "Nurturing.Global.Bing_DefaultBrowserBannerCloseBtn", "Nurturing.Global.Bing_DefaultBrowserBannerCloseBtnUpdate", "Nurturing.Global.Bing_MSStartYJCompete", "Nurturing.Global.Bing_NtpHomeStartpageUpsellFlyout", "Nurturing.Global.Bing_RecommendedSettingsExplicitLaunch", "Nurturing.Global.Bing_RecommendedSettingsWsbDialog", "Nurturing.Global.Fundamentals_DefaultBrowserMonitor", "Nurturing.Global.Fundamentals_DefaultBrowserMonitorOnStart", "Nurturing.Global.Fundamentals_DefaultBrowserMonitorVariant2", "Nurturing.Global.RecommendedSettingsChina", "Nurturing.Global.ContinuousImport_PasswordZeroStateV2", "Nurturing.Global.OnRamp_CIExplicitLaunchBannerUpsell", "Nurturing.Global.OnRamp_CIUpsell_ProtocolLaunch_Banner", "Nurturing.Global.EdgeGrowth_SitePinningCITopSites", "Nurturing.Global.EdgeGrowth_SitePinningWithWindowsConsent", "Nurturing.Global.EdgeGrowth_GlobalSitePinningOnCloseModal" ],
      "TeamIDs": [ "NTP" ]
   },
   "ExperienceCohorts": {
      "DefaultCohort": {
         "21f3388b-c2a5-4791-8f6e-a4cad6d17f4f.Bubble": 1,
         "2354565a-f412-4654-b89c-f92eaa9dbd20.BingHomePage.Bubble": 1,
         "2354565a-f412-4654-b89c-f92eaa9dbd20.Covid.Bubble": 1,
         "2354565a-f412-4654-b89c-f92eaa9dbd20.Finance.Bubble": 1,
         "2354565a-f412-4654-b89c-f92eaa9dbd20.Jobs.Bubble": 1,
         "2354565a-f412-4654-b89c-f92eaa9dbd20.KnowledgeCard.Bubble": 1,
         "2354565a-f412-4654-b89c-f92eaa9dbd20.Local.Bubble": 1,
         "2354565a-f412-4654-b89c-f92eaa9dbd20.NTP3PCLICK.Bubble": 1,
         "2354565a-f412-4654-b89c-f92eaa9dbd20.NotifySearchPage.Bubble": 1,
         "2354565a-f412-4654-b89c-f92eaa9dbd20.Recipe.Bubble": 1,
         "2354565a-f412-4654-b89c-f92eaa9dbd20.SearchPage.Bubble": 1,
         "2354565a-f412-4654-b89c-f92eaa9dbd20.Sports.Bubble": 1,
         "2354565a-f412-4654-b89c-f92eaa9dbd20.Travel.Bubble": 1,
         "2354565a-f412-4654-b89c-f92eaa9dbd20.Weather.Bubble": 1,
         "2cb2db96-3bd0-403e-abe2-9269b3761041.AutoOpen": 1,
         "2cb2db96-3bd0-403e-abe2-9269b3761041.Bubble": 1,
         "439642fc-998d-4a64-8bb6-940ecaf6b60b.AutoOpen": 1,
         "439642fc-998d-4a64-8bb6-940ecaf6b60b.Bubble": 1,
         "523b5ef3-0b10-4154-8b62-10b2ebd00921.Bubble": 1,
         "64be4f9b-3b81-4b6e-b354-0ba00d6ba485.AutoOpen": 1,
         "64be4f9b-3b81-4b6e-b354-0ba00d6ba485.Bubble": 1,
         "76b926d6-3738-46bf-82d7-2ab896ddf70b.MM2UpSellPopup.Bubble": 1,
         "8682d0fa-50b3-4ece-aa5b-e0b33f9919e2.Bubble": 1,
         "8682d0fa-50b3-4ece-aa5b-e0b33f9919e2.f5b8c725-cb2e-4c12-accd-73e500d88d47.AutoOpen": 1,
         "8ac719c5-140b-4bf2-a0b7-c71617f1f377.3662f1e2-66ae-464f-b690-e7e3dc4fc662.AutoOpen": 1,
         "8ac719c5-140b-4bf2-a0b7-c71617f1f377.93e5b5cd-15fc-4253-9728-d80685da304e.AutoOpen": 1,
         "8ac719c5-140b-4bf2-a0b7-c71617f1f377.AutoOpen": 1,
         "8ac719c5-140b-4bf2-a0b7-c71617f1f377.gaokao.Bubble": 1,
         "92f1b743-e26b-433b-a1ec-912d1f0ad1fa.Bubble": 1,
         "96defd79-4015-4a32-bd09-794ff72183ef.0bdde3c3-7be8-49f1-971b-e6e2cfd62643.AutoOpen": 1,
         "96defd79-4015-4a32-bd09-794ff72183ef.128c39c6-6f70-4ce5-9d01-78978e60d666.AutoOpen": 1,
         "96defd79-4015-4a32-bd09-794ff72183ef.5ac63306-e962-42e6-8313-7e5a5b707d65.AutoOpen": 1,
         "96defd79-4015-4a32-bd09-794ff72183ef.AutoOpen": 1,
         "96defd79-4015-4a32-bd09-794ff72183ef.Bubble": 1,
         "96defd79-4015-4a32-bd09-794ff72183ef.Is1PGameDomain.Bubble": 1,
         "96defd79-4015-4a32-bd09-794ff72183ef.Is3PGameDomain.Bubble": 1,
         "9ce3c9c2-462f-4cc9-bbd7-57d656445be0.Bubble": 1,
         "AUTOFILL_PASSWORD_NON_FUNCTIONAL_FLYOUTS": 1,
         "DefaultExperience": 1,
         "EdgeDownloadChromeInterceptDialog": 2,
         "PerformanceDetectorFeatureNotification": 1,
         "RewardsPromotionNotifications": 1,
         "RewardsReminderNotifications": 1,
         "SAN.Personalization.ConsentPrompt": 1,
         "SHOPPING_AA_CONSENT": 1,
         "SHOPPING_AUTO_PRODUCT_TRACKING_EXP_PRICE_DROP": 1,
         "SHOPPING_AUTO_PRODUCT_TRACKING_IMP_PRICE_DROP": 1,
         "SHOPPING_AUTO_PRODUCT_TRACKING_OUT_OF_STOCK": 1,
         "SHOPPING_AUTO_SHOW_ABANDONED_CART": 1,
         "SHOPPING_AUTO_SHOW_ADD_SPB_TO_CART_MICRO_NOTIFICATION": 1,
         "SHOPPING_AUTO_SHOW_AMAZON_SEARCH_PC": 1,
         "SHOPPING_AUTO_SHOW_ATTAINABLE_COUPONS": 1,
         "SHOPPING_AUTO_SHOW_AUTOS_MARKETPLACE": 1,
         "SHOPPING_AUTO_SHOW_AWARENESSEXP": 1,
         "SHOPPING_AUTO_SHOW_AWARENESS_EXPANSION": 1,
         "SHOPPING_AUTO_SHOW_CAMPAIGN_AWARENESS_NOTIFICATION": 1,
         "SHOPPING_AUTO_SHOW_CAMPAIGN_PDP_NOTIFICATION": 1,
         "SHOPPING_AUTO_SHOW_CASHBACK_PDP_PLUS_COUPONS": 1,
         "SHOPPING_AUTO_SHOW_CJK_COUPON_FOUND": 1,
         "SHOPPING_AUTO_SHOW_CJK_PRICE_DROP": 1,
         "SHOPPING_AUTO_SHOW_CODEX_MICRO_NOTIFICATION": 1,
         "SHOPPING_AUTO_SHOW_CONFIRMATION_SCRIPT": 1,
         "SHOPPING_AUTO_SHOW_CONTROLLER": 1,
         "SHOPPING_AUTO_SHOW_COUPONS_BACKGROUND_AUTO_APPLY": 1,
         "SHOPPING_AUTO_SHOW_COUPONS_CHECKOUT": 1,
         "SHOPPING_AUTO_SHOW_COUPONS_CHECKOUT_MICRO_NOTIFICATION": 1,
         "SHOPPING_AUTO_SHOW_COUPONS_CLIPPING": 1,
         "SHOPPING_AUTO_SHOW_DISCOVER_MICRO_NOTIFICATION": 1,
         "SHOPPING_AUTO_SHOW_DISCOVER_NOTIFICATION": 1,
         "SHOPPING_AUTO_SHOW_EXPRESS_CHECKOUT": 1,
         "SHOPPING_AUTO_SHOW_GIFT_CARD": 1,
         "SHOPPING_AUTO_SHOW_GOODRX": 1,
         "SHOPPING_AUTO_SHOW_GROCERY_ITEMIZED_CASHBACK": 1,
         "SHOPPING_AUTO_SHOW_GROCERY_ITEMIZED_CASHBACK_LANDING": 1,
         "SHOPPING_AUTO_SHOW_GUEST_DOMAIN_COUPONS": 1,
         "SHOPPING_AUTO_SHOW_IBC_UPSELL": 1,
         "SHOPPING_AUTO_SHOW_LOWER_PRICE_FOUND": 1,
         "SHOPPING_AUTO_SHOW_LOWER_PRICE_PLUS_CASHBACK_PLUS_COUPONS": 1,
         "SHOPPING_AUTO_SHOW_MOMENT_IN_TIME": 1,
         "SHOPPING_AUTO_SHOW_NOTIFICATION": 1,
         "SHOPPING_AUTO_SHOW_ORGANIC_CASHBACK_MICRO_NOTIFICATION": 1,
         "SHOPPING_AUTO_SHOW_OTHER_SELLER": 1,
         "SHOPPING_AUTO_SHOW_OUT_OF_STOCK": 1,
         "SHOPPING_AUTO_SHOW_PACKAGE_TRACKING": 1,
         "SHOPPING_AUTO_SHOW_PACKAGE_TRACKING_MICRO_NOTIFICATION": 1,
         "SHOPPING_AUTO_SHOW_PERSONALIZED_CASHBACK_ADDRESSBAR": 1,
         "SHOPPING_AUTO_SHOW_PERSONALIZED_CASHBACK_MICRO_NOTIFICATION": 1,
         "SHOPPING_AUTO_SHOW_POST_PURCHASE_TRACKING": 1,
         "SHOPPING_AUTO_SHOW_PRICE_DROP_PLUS_CASHBACK": 1,
         "SHOPPING_AUTO_SHOW_PRICE_DROP_PLUS_COUPONS": 1,
         "SHOPPING_AUTO_SHOW_PRICE_HISTORY": 1,
         "SHOPPING_AUTO_SHOW_PRICE_HISTORY_MICRO_NOTIFICATION": 1,
         "SHOPPING_AUTO_SHOW_PRINT_GROCERY": 1,
         "SHOPPING_AUTO_SHOW_PRODUCT_BEST_COUPON_CONSENT": 1,
         "SHOPPING_AUTO_SHOW_PRODUCT_TRACKING_BACK_IN_STOCK": 1,
         "SHOPPING_AUTO_SHOW_PRODUCT_TRACKING_MICRO_NOTIFICATION": 1,
         "SHOPPING_AUTO_SHOW_PROFESSIONAL_REVIEWS": 1,
         "SHOPPING_AUTO_SHOW_REBATES": 1,
         "SHOPPING_AUTO_SHOW_REBATES_CHECKOUT": 1,
         "SHOPPING_AUTO_SHOW_REBATES_ORGANIC": 1,
         "SHOPPING_AUTO_SHOW_REBATES_ORGANIC_NEW": 1,
         "SHOPPING_AUTO_SHOW_REBATES_PDP": 1,
         "SHOPPING_AUTO_SHOW_RECOMMENDATIONS_MICRO_NOTIFICATION": 1,
         "SHOPPING_AUTO_SHOW_SAN_CONSENT_CONFIRMATION": 1,
         "SHOPPING_AUTO_SHOW_SERVER_DRIVEN_ALL_PAGES": 1,
         "SHOPPING_AUTO_SHOW_SERVER_DRIVEN_CHECKOUT": 1,
         "SHOPPING_AUTO_SHOW_SERVER_DRIVEN_CONFIRMATION_PAGE": 1,
         "SHOPPING_AUTO_SHOW_SERVER_DRIVEN_HOME_PAGE": 1,
         "SHOPPING_AUTO_SHOW_SERVER_DRIVEN_NOTIFICATION": 1,
         "SHOPPING_AUTO_SHOW_SERVER_DRIVEN_REWARDS": 1,
         "SHOPPING_AUTO_SHOW_SHOPRUNNER": 1,
         "SHOPPING_AUTO_SHOW_SIDEPANE_CASHBACK_MICRO_NOTIFICATION": 1,
         "SHOPPING_AUTO_SHOW_SPB_CASHBACK_LANDING": 1,
         "SHOPPING_AUTO_SHOW_SPB_MICRO_NOTIFICATION": 1,
         "SHOPPING_AUTO_SHOW_SPB_NUDGE_MICRO_NOTIFICATION": 1,
         "SHOPPING_AUTO_SHOW_SURFACE_UPSELL": 1,
         "SHOPPING_AUTO_SHOW_SUSTAINABILITY_LANDING": 1,
         "SHOPPING_AUTO_SHOW_TRAVEL_NOTIFICATION_CHEAPER_FLIGHTS": 1,
         "SHOPPING_AUTO_SHOW_TRAVEL_NOTIFICATION_CHEAPER_HOTEL_ROOM": 1,
         "SHOPPING_AUTO_SHOW_TRENDING_COUPONS": 1,
         "ShorelinePrivilegedExperienceID": 1,
         "TabActionsMenuVerticalTabsPromotion": 1,
         "VPNFeatureNotification": 1,
         "b7a8e9f2-6b0d-4c5b-ae7d-8a6e1f2c7a6f.75a774c2-6075-ae4f-09f9-e5f5d9bef6e1.AutoOpen": 1,
         "b7a8e9f2-6b0d-4c5b-ae7d-8a6e1f2c7a6f.AutoOpen": 1,
         "b7a8e9f2-6b0d-4c5b-ae7d-8a6e1f2c7a6f.a5e9f5e1-fcee-c07b-2c44-b707ded020a3.AutoOpen": 1,
         "b7a8e9f2-6b0d-4c5b-ae7d-8a6e1f2c7a6f.c8ebbf64-e3b8-41d9-925f-4e3754151ff7.AutoOpen": 1,
         "bc25fcef-8964-4e72-8287-23e2b496c128.68b8a884-6e08-46e6-8a3b-7e06ffe48ecf.AutoOpen": 1,
         "bc25fcef-8964-4e72-8287-23e2b496c128.Bubble": 1,
         "c8ebd871-9f47-4a0d-abd3-c1c02b4f8f53.2cfab14c-ebd6-4548-9401-30ab5afe5061.AutoOpen": 1,
         "c8ebd871-9f47-4a0d-abd3-c1c02b4f8f53.AutoOpen": 1,
         "cd4688a9-e888-48ea-ad81-76193d56b1be.5b853177-a0be-4237-bda0-4fce5cd165c2.AutoOpen": 1,
         "cd4688a9-e888-48ea-ad81-76193d56b1be.8d3a928d-e911-40f0-9852-f63f6434dc7e.AutoOpen": 1,
         "cd4688a9-e888-48ea-ad81-76193d56b1be.AutoOpen": 1,
         "cd4688a9-e888-48ea-ad81-76193d56b1be.AutoOpen.PDF": 1,
         "cd4688a9-e888-48ea-ad81-76193d56b1be.AutoOpen.PersistentChat": 1,
         "cd4688a9-e888-48ea-ad81-76193d56b1be.Bubble": 1,
         "cd4688a9-e888-48ea-ad81-76193d56b1be.IsCompeteAISite.Bubble": 1,
         "cd4688a9-e888-48ea-ad81-76193d56b1be.IsKnowledgeCardQuery.Bubble": 1,
         "cd4688a9-e888-48ea-ad81-76193d56b1be.IsMsnArticleUrlFromNtpP1P2.Bubble": 1,
         "cd4688a9-e888-48ea-ad81-76193d56b1be.IsShoppingNotificationNudge.Bubble": 1,
         "cd4688a9-e888-48ea-ad81-76193d56b1be.IsTextPage.Bubble": 1,
         "cd4688a9-e888-48ea-ad81-76193d56b1be.IsTopNewsDomain.Bubble": 1,
         "cd4688a9-e888-48ea-ad81-76193d56b1be.IsTwitchNonStreamPage.Bubble": 1,
         "cd4688a9-e888-48ea-ad81-76193d56b1be.IsTwitchSubPage.Bubble": 1,
         "cd4688a9-e888-48ea-ad81-76193d56b1be.IsVideoPage.Bubble": 1,
         "cd4688a9-e888-48ea-ad81-76193d56b1be.e06e75c1-a59a-4ab6-8361-e8b038e00a8c.AutoOpen": 1,
         "e6723537-66ff-4f4e-ab56-a4cbaddf4e0f.MM2UpSellPopup.Bubble": 1
      }
   },
   "FunctionalCohort": [ "EdgeDownloadChromeInterceptFunctionalDialog", "8682d0fa-50b3-4ece-aa5b-e0b33f9919e2.AutoOpen.Functional", "8682d0fa-50b3-4ece-aa5b-e0b33f9919e2.f5b8c725-cb2e-4c12-accd-73e500d88d47.AutoOpen.Functional", "bc25fcef-8964-4e72-8287-23e2b496c128.AutoOpen.Functional", "bc25fcef-8964-4e72-8287-23e2b496c128.68b8a884-6e08-46e6-8a3b-7e06ffe48ecf.AutoOpen.Functional", "WPOFunctionalEvent.AutofillAccountChooser.Bubble", "WPOFunctionalEvent.AutofillAutoSignin.Bubble", "WPOFunctionalEvent.AutofillPassword.Bubble", "SHOPPING_AUTO_SHOW_BING_SEARCH", "SHOPPING_AUTO_SHOW_REBATES_CONFIRMATION", "SHOPPING_AUTO_SHOW_REBATES_DEACTIVATED", "SHOPPING_AUTO_SHOW_REBATES_BING", "SHOPPING_AUTO_SHOW_PERSONALIZED_CASHBACK", "SHOPPING_AUTO_SHOW_PERSONALIZED_CASHBACK_CONFIRMATION", "SHOPPING_AUTO_SHOW_URL_PARAM_REBATES", "SHOPPING_AUTO_SHOW_URL_PARAM_PRICE_COMPARISON", "SHOPPING_AUTO_SHOW_URL_PARAM_PRICE_HISTORY", "SHOPPING_AUTO_SHOW_REBATES_ACTIVATION_FAILED", "SHOPPING_AUTO_SHOW_REBATES_SWITCHED_TO_MSA", "SHOPPING_AUTO_SHOW_ITEM_ADDED_TO_CART_FROM_OTHER_SELLER", "SHOPPING_AUTO_SHOW_VIRTUAL_CARD", "SHOPPING_AUTO_SHOW_BING_CAMPAIGN", "SHOPPING_OPEN_FLYOUT_FROM_EDGE_DRIVER", "SHOPPING_AUTO_SHOW_SUSTAINABILITY_PURCHASE", "SHOPPING_AUTO_SHOW_REWARDS_ACTIVATION_FAILED", "SHOPPING_AUTO_SHOW_REWARDS_SWITCHED_TO_MSA", "SHOPPING_AUTO_SHOW_SHOPRUNNER_CONFIRMATION", "SHOPPING_AUTO_SHOW_ENROLL_TO_CASHBACK_CONFIRMATION_NOTIFICATION", "SHOPPING_AUTO_SHOW_POST_PURCHASE_REWARDS_NOTIFICATION", "694efa4f-a304-4214-aaf7-90444bc887f5.c1c025d9-a620-4f6b-bebb-eff0cf19a671.AutoOpen.Functional" ],
   "GlobalSuppressedExperiences": [ "Teams.Bubble", "Nurturing.Global.EdgeVpn_VpnFre", "Nurturing.Global.Rewards_RedemptionCoachmark_2", "Nurturing.Global.Rewards_RedemptionCoachmark_25", "Nurturing.Global.EdgeCBUD_SanPersonalizationConsentWave1Variant0", "Nurturing.Global.Bing_NewBingChatFlyout" ],
   "IgnoredFunctionalNotifications": [ "Nurturing.Functional.NTP_CourtesyEngineCampaign", "Nurturing.Functional.NTP_FunctionalCampaign", "Nurturing.Functional.NTP_SettingsCampaign", "Nurturing.Functional.NTP_UpsellCampaign", "Nurturing.Functional.FN_SmartSwitchFeatureInfoView" ],
   "ModelInfo": {
      "segment_id": 515,
      "signals": [ "notification_triggered_count", "notification_click_rate", "notification_click_rate_lower_ci", "notification_click_rate_upper_ci", "notification_dismiss_rate", "notification_dismiss_rate_lower_ci", "notification_dismiss_rate_upper_ci", "notification_ignored_rate", "notification_ignored_rate_lower_ci", "notification_ignored_rate_upper_ci", "notification_quick_dismiss_rate", "notification_quick_dismiss_rate_lower_ci", "notification_quick_dismiss_rate_upper_ci", "notification_disable_rate", "notification_disable_rate_lower_ci", "notification_disable_rate_upper_ci", "notification_snooze_rate", "notification_snooze_rate_lower_ci", "notification_snooze_rate_upper_ci" ],
      "threshold_value": 0.5
   },
   "ModelSuppressionBypass": [ "Nurturing.Local.SHOPPING_AUTO_SHOW_LOWER_PRICE_FOUND", "Nurturing.Local.SHOPPING_AUTO_SHOW_REBATES_ORGANIC", "Nurturing.Local.SHOPPING_AUTO_SHOW_REBATES_CHECKOUT", "Nurturing.Local.SHOPPING_AUTO_SHOW_SPB_CASHBACK_LANDING" ],
   "NotificationsAllowLists": {
   },
   "PrivilegedExperiences": [ "ShorelinePrivilegedExperienceID", "SHOPPING_AUTO_SHOW_COUPONS_CHECKOUT", "SHOPPING_AUTO_SHOW_LOWER_PRICE_FOUND", "SHOPPING_AUTO_SHOW_REBATES", "SHOPPING_AUTO_SHOW_REBATES_ORGANIC", "SHOPPING_AUTO_SHOW_PRICE_HISTORY", "SHOPPING_AUTO_SHOW_REBATES_ORGANIC_NEW", "SHOPPING_AUTO_SHOW_REBATES_CHECKOUT", "SHOPPING_AUTO_SHOW_SERVER_DRIVEN_CHECKOUT", "SHOPPING_AUTO_SHOW_EXPRESS_CHECKOUT", "SHOPPING_AUTO_SHOW_SERVER_DRIVEN_ALL_PAGES", "SHOPPING_AUTO_SHOW_SERVER_DRIVEN_CONFIRMATION_PAGE", "SHOPPING_AUTO_SHOW_SERVER_DRIVEN_HOME_PAGE", "SHOPPING_AUTO_SHOW_SERVER_DRIVEN_REWARDS", "SHOPPING_AUTO_SHOW_COUPONS_CLIPPING", "SHOPPING_AUTO_SHOW_NOTIFICATION", "SHOPPING_AUTO_SHOW_OTHER_SELLER", "SHOPPING_AUTO_SHOW_PROFESSIONAL_REVIEWS", "SHOPPING_AUTO_SHOW_PACKAGE_TRACKING", "SHOPPING_AUTO_SHOW_GUEST_DOMAIN_COUPONS", "SHOPPING_AUTO_SHOW_SUSTAINABILITY_LANDING", "SHOPPING_AUTO_SHOW_ATTAINABLE_COUPONS", "SHOPPING_AUTO_SHOW_GIFT_CARD", "SHOPPING_AUTO_SHOW_PRINT_GROCERY", "SHOPPING_AUTO_SHOW_GROCERY_ITEMIZED_CASHBACK", "SHOPPING_AUTO_SHOW_CONTROLLER", "SHOPPING_AUTO_SHOW_AUTOS_MARKETPLACE", "SHOPPING_AUTO_SHOW_SHOPRUNNER", "SHOPPING_AUTO_SHOW_ABANDONED_CART", "SHOPPING_AUTO_SHOW_OUT_OF_STOCK", "SHOPPING_AUTO_SHOW_GROCERY_ITEMIZED_CASHBACK_LANDING", "SHOPPING_AUTO_SHOW_SPB_CASHBACK_LANDING", "SHOPPING_AUTO_SHOW_AWARENESSEXP", "SHOPPING_AA_CONSENT", "SHOPPING_AUTO_SHOW_SAN_CONSENT_CONFIRMATION", "SHOPPING_AUTO_SHOW_CONFIRMATION_SCRIPT", "SHOPPING_AUTO_SHOW_MOMENT_IN_TIME", "SHOPPING_AUTO_SHOW_COUPONS_CHECKOUT_MICRO_NOTIFICATION", "SHOPPING_AUTO_SHOW_TRENDING_COUPONS", "SHOPPING_AUTO_SHOW_RECOMMENDATIONS_MICRO_NOTIFICATION", "SHOPPING_AUTO_SHOW_PRODUCT_TRACKING_MICRO_NOTIFICATION", "SHOPPING_AUTO_SHOW_SURFACE_UPSELL", "SHOPPING_AUTO_SHOW_PRODUCT_TRACKING_BACK_IN_STOCK", "SHOPPING_AUTO_PRODUCT_TRACKING_EXP_PRICE_DROP", "SHOPPING_AUTO_PRODUCT_TRACKING_IMP_PRICE_DROP", "SHOPPING_AUTO_PRODUCT_TRACKING_OUT_OF_STOCK", "SHOPPING_AUTO_SHOW_CODEX_MICRO_NOTIFICATION", "SHOPPING_AUTO_SHOW_PERSONALIZED_CASHBACK_MICRO_NOTIFICATION", "SHOPPING_AUTO_SHOW_PRICE_HISTORY_MICRO_NOTIFICATION", "SHOPPING_AUTO_SHOW_ORGANIC_CASHBACK_MICRO_NOTIFICATION", "SHOPPING_AUTO_SHOW_GOODRX", "SHOPPING_AUTO_SHOW_SIDEPANE_CASHBACK_MICRO_NOTIFICATION", "SHOPPING_AUTO_SHOW_DISCOVER_MICRO_NOTIFICATION", "SHOPPING_AUTO_SHOW_REBATES_PDP", "SHOPPING_AUTO_SHOW_PRODUCT_BEST_COUPON_CONSENT", "SHOPPING_AUTO_SHOW_CAMPAIGN_PDP_NOTIFICATION", "SHOPPING_AUTO_SHOW_CAMPAIGN_AWARENESS_NOTIFICATION", "SHOPPING_AUTO_SHOW_SPB_MICRO_NOTIFICATION", "SHOPPING_AUTO_SHOW_PRICE_DROP_PLUS_COUPONS", "SHOPPING_AUTO_SHOW_SPB_NUDGE_MICRO_NOTIFICATION", "SHOPPING_AUTO_SHOW_ADD_SPB_TO_CART_MICRO_NOTIFICATION", "SHOPPING_AUTO_SHOW_CASHBACK_PDP_PLUS_COUPONS", "SHOPPING_AUTO_SHOW_PRICE_DROP_PLUS_CASHBACK", "SHOPPING_AUTO_SHOW_DISCOVER_NOTIFICATION", "SHOPPING_AUTO_SHOW_AMAZON_SEARCH_PC", "SHOPPING_AUTO_SHOW_COUPONS_BACKGROUND_AUTO_APPLY", "SHOPPING_AUTO_SHOW_PERSONALIZED_CASHBACK_ADDRESSBAR", "SHOPPING_AUTO_SHOW_TRAVEL_NOTIFICATION_CHEAPER_FLIGHTS", "SHOPPING_AUTO_SHOW_TRAVEL_NOTIFICATION_CHEAPER_HOTEL_ROOM", "SHOPPING_AUTO_SHOW_CJK_PRICE_DROP", "SHOPPING_AUTO_SHOW_CJK_COUPON_FOUND", "AUTOFILL_PASSWORD_NON_FUNCTIONAL_FLYOUTS", "76b926d6-3738-46bf-82d7-2ab896ddf70b.MM2UpSellPopup.Bubble", "e6723537-66ff-4f4e-ab56-a4cbaddf4e0f.MM2UpSellPopup.Bubble", "8ac719c5-140b-4bf2-a0b7-c71617f1f377.3662f1e2-66ae-464f-b690-e7e3dc4fc662.AutoOpen", "8ac719c5-140b-4bf2-a0b7-c71617f1f377.gaokao.Bubble", "c8ebd871-9f47-4a0d-abd3-c1c02b4f8f53.AutoOpen", "c8ebd871-9f47-4a0d-abd3-c1c02b4f8f53.2cfab14c-ebd6-4548-9401-30ab5afe5061.AutoOpen", "cd4688a9-e888-48ea-ad81-76193d56b1be.AutoOpen.PersistentChat", "cd4688a9-e888-48ea-ad81-76193d56b1be.AutoOpen.PDF", "cd4688a9-e888-48ea-ad81-76193d56b1be.8d3a928d-e911-40f0-9852-f63f6434dc7e.AutoOpen", "cd4688a9-e888-48ea-ad81-76193d56b1be.e06e75c1-a59a-4ab6-8361-e8b038e00a8c.AutoOpen", "cd4688a9-e888-48ea-ad81-76193d56b1be.5b853177-a0be-4237-bda0-4fce5cd165c2.AutoOpen", "b7a8e9f2-6b0d-4c5b-ae7d-8a6e1f2c7a6f.AutoOpen", "b7a8e9f2-6b0d-4c5b-ae7d-8a6e1f2c7a6f.c8ebbf64-e3b8-41d9-925f-4e3754151ff7.AutoOpen", "b7a8e9f2-6b0d-4c5b-ae7d-8a6e1f2c7a6f.75a774c2-6075-ae4f-09f9-e5f5d9bef6e1.AutoOpen", "b7a8e9f2-6b0d-4c5b-ae7d-8a6e1f2c7a6f.a5e9f5e1-fcee-c07b-2c44-b707ded020a3.AutoOpen", "8682d0fa-50b3-4ece-aa5b-e0b33f9919e2.f5b8c725-cb2e-4c12-accd-73e500d88d47.AutoOpen", "bc25fcef-8964-4e72-8287-23e2b496c128.68b8a884-6e08-46e6-8a3b-7e06ffe48ecf.AutoOpen", "EdgeDownloadChromeInterceptDialog", "439642fc-998d-4a64-8bb6-940ecaf6b60b.AutoOpen", "694efa4f-a304-4214-aaf7-90444bc887f5.c1c025d9-a620-4f6b-bebb-eff0cf19a671.AutoOpen" ],
   "ReserveApproved": {
      "ExperienceIDs": [  ],
      "SourceIDs": [ 3 ],
      "TeamIDs": [ "Edge Consumer Content and Verticals" ]
   },
   "ScenarioSuppressLists": {
   },
   "SuppressedExperiences": [  ],
   "TimeDelta": 5000000,
   "baseConfigVersion": "31.0.1",
   "configVersion": "31.0.1"
}
